use_case,current_implementation_path,shopify_primitive_used,status,evidence,confidence,risk_if_wrong
percentage off product,"Storefront cart line discount allocations -> quote snapshot -> order create handoff","Storefront Cart.discountCodes + CartLine.discountAllocations; GraphQL DiscountCodeBasic/DiscountAutomaticBasic sync metadata",implemented,"services/shopify_storefront_pricing_service.py:434-503; tests/test_shopify_storefront_discount_evidence.py:20-57; artifacts/shopify-discount-validation/live-us-shipping-final-retest-20260415T051842Z/summary.json:175-214; artifacts/shopify-discount-validation/live-order-create-retry-20260415T054846Z/01-order-create.json:31-218",high,Low
fixed amount off product,"Current merchant `PIVOTA_AUDIT_20260421C_FIXPROD60` is live-proven as a product-scoped fixed-amount code with line-level allocation and effective unit-price reduction","Storefront CartLine.discountAllocations; GraphQL DiscountCodeBasic metadata",implemented,"services/shopify_storefront_pricing_service.py:434-503; services/shopify_discount_fixture_service.py:271-304; /Users/pengchydan/dev/reports/shopify-discount-validation/20260421-live-legacy-guard/fixtures-20260421a/fixed_amount_product_scoped.response.json; /Users/pengchydan/dev/reports/shopify-discount-validation/20260421-live-legacy-guard/fixtures-20260421a/fixture_batch_c.create.json",high,Low
percentage off order,"Cart-level non-shipping allocations are parsed as order-level promotion lines, but not live-proven","Storefront Cart.discountAllocations targetType ORDER; GraphQL basic discount metadata",partial,"services/shopify_storefront_pricing_service.py:504-555; routes/order_routes.py:1191-1236",medium,Medium
fixed amount off order,"Current merchant `PIVOTA_TEST_COMBO_B` is live-proven as a fixed-amount order discount, including positive stacking with BXGY","Storefront Cart.discountAllocations; GraphQL DiscountCodeBasic metadata",implemented,"services/shopify_storefront_pricing_service.py:504-555; services/shopify_promotions_sync.py:339-358; /Users/pengchydan/dev/reports/shopify-discount-validation/20260421-live-legacy-guard/bxgy_plus_combo_b.response.json; /Users/pengchydan/dev/reports/shopify-discount-validation/20260421-live-legacy-guard/promotions_inventory.json",high,Low
free shipping,"Cart-level shipping allocations are parsed and netted into shipping_fee; live US positive and CA negative validated","Storefront Cart.discountCodes + Cart.discountAllocations shipping target; GraphQL DiscountCodeFreeShipping/DiscountAutomaticFreeShipping sync metadata",implemented,"services/shopify_storefront_pricing_service.py:504-555; services/shopify_storefront_pricing_service.py:1216-1233; services/shopify_storefront_pricing_service.py:2196-2211; tests/test_shopify_storefront_discount_evidence.py:59-97; artifacts/shopify-discount-validation/live-us-shipping-final-retest-20260415T051842Z/summary.json:112-174; artifacts/shopify-discount-validation/live-ca-negative-after-us-fix-20260415T052129Z/summary.json:113-163",high,High
automatic discount,"Automatic discount execution is live-proven for the current merchant via `Pivota Auto Test`, including automatic-vs-code conflict behavior","GraphQL DiscountAutomaticBasic/DiscountAutomaticBxgy/DiscountAutomaticFreeShipping; Storefront CartAutomaticDiscountAllocation",implemented,"services/shopify_promotions_sync.py:407-470; services/shopify_storefront_pricing_service.py:1426-1457; services/shopify_storefront_pricing_service.py:1749-1779; /Users/pengchydan/dev/reports/shopify-discount-validation/20260421-live-legacy-guard/krave_auto_no_code.response.json; /Users/pengchydan/dev/reports/shopify-discount-validation/20260421-live-legacy-guard/krave_auto_plus_amount10.response.json",high,Medium
code discount,"Code applicability and allocations are live-proven for amount-off/percentage, BXGY, expired rejection, invalid rejection, and free-shipping cases","Storefront Cart.discountCodes + CartCodeDiscountAllocation",implemented,"services/shopify_storefront_pricing_service.py:355-377; tests/test_shopify_storefront_discount_evidence.py:100-126; artifacts/shopify-discount-validation/live-post-refund-fixes-readonly-20260415T135141Z/quote-matrix/summary.csv; artifacts/shopify-discount-validation/live-test-order-refund-status-after-ledger-repair-20260415T135016Z/summary.json",high,Low
buy X get Y,"Live code-based BXGY threshold behavior is proven; automatic BXGY only has metadata support","Storefront code discount allocations; GraphQL DiscountCodeBxgy/DiscountAutomaticBxgy sync metadata",implemented,"services/shopify_promotions_sync.py:419-445; tests/test_shopify_promotions_graphql_sync.py:47-86; artifacts/shopify-discount-validation/live-us-discount-matrix-20260415T052251Z/summary.json:3-72; artifacts/shopify-discount-validation/live-us-bxgy-boundary-20260415T052346Z/summary.json:3-140",high,High
threshold by subtotal,"Minimum requirement metadata is synced, but no live subtotal-threshold fixture was validated","GraphQL minimumRequirement; Shopify-native enforcement via Storefront applicability",partial,"services/shopify_promotions_sync.py:321-358; services/shopify_promotions_sync.py:400-470",medium,Medium
threshold by quantity,"BXGY quantity threshold is live-proven; Pivota manual promos also support thresholdQuantity","Storefront BXGY applicability; Pivota MULTI_BUY_DISCOUNT thresholdQuantity",implemented,"services/quote_service.py:660-714; artifacts/shopify-discount-validation/live-us-discount-matrix-20260415T052251Z/summary.json:3-72; artifacts/shopify-discount-validation/live-us-bxgy-boundary-20260415T052346Z/summary.json:3-140",high,Medium
exclusion rules,"Only stacking/combine semantics are explicit; no broader exclusion-rule engine was found","GraphQL combinesWith; Storefront applicability for conflicting codes",partial,"services/shopify_promotions_sync.py:326-358; services/quote_service.py:437-474; artifacts/shopify-discount-validation/live-us-bxgy-boundary-20260415T052346Z/summary.json:70-140",medium,Medium
specific products collections variants targeting,"Pivota manual promos support productIds/variantIds; Shopify sync stores customerGets/items metadata; no live targeting negative test","Pivota scope.productIds/variantIds; GraphQL customerGets.items",partial,"services/quote_service.py:667-699; services/shopify_promotions_sync.py:334-372",medium,Medium
specific customers segments targeting,"Segment-restricted Shopify-native execution is live-proven via `PIVOTA_AUDIT_20260421A_SEGMENT`; specific-customer-only targeting is not separately probed, but segment/customer context sync and Storefront applicability are working end-to-end","GraphQL customerSelection/context; Shopify-native applicability",implemented,"services/shopify_promotions_sync.py:326-358; services/shopify_discount_fixture_service.py:325-339; /Users/pengchydan/dev/reports/shopify-discount-validation/20260421-live-legacy-guard/fixtures-20260421a/segment_customer.response.json; /Users/pengchydan/dev/reports/shopify-discount-validation/20260421-live-legacy-guard/fixtures-20260421a/fixture_batch_a.create.json",high,Medium
first-time customer new customer logic,"Shopify Admin GraphQL `Customer.numberOfOrders` evidence and Storefront buyer email propagation are both live-proven; current merchant `PIVOTA_AUDIT_20260421A_NEWCUST` applies successfully under Shopify-native new-customer context","Admin GraphQL Customer.numberOfOrders; Storefront buyerIdentity.email; Shopify-native applicability",implemented,"services/shopify_storefront_pricing_service.py:303-326; services/shopify_storefront_pricing_service.py:753-811; services/shopify_discount_fixture_service.py:340-353; /Users/pengchydan/dev/reports/shopify-discount-validation/20260421-live-legacy-guard/fixtures-20260421a/new_customer.response.json",high,Medium
max uses per-customer usage limits,"Current merchant `PIVOTA_AUDIT_20260421A_LIMIT1` now proves synced `usageLimit=1` and `appliesOncePerCustomer=true`, but quote/cart probes do not consume usage count, so exhaustion after redemption is still unproven","GraphQL usageLimit + appliesOncePerCustomer; Storefront code applicability",partial,"services/shopify_promotions_sync.py:354-357; services/shopify_discount_fixture_service.py:305-318; /Users/pengchydan/dev/reports/shopify-discount-validation/20260421-live-legacy-guard/fixtures-20260421a/usage_limit_available.response.json; /Users/pengchydan/dev/reports/shopify-discount-validation/20260421-live-legacy-guard/fixtures-20260421a/usage_limit_second_quote.response.json; /Users/pengchydan/dev/reports/shopify-discount-validation/20260421-live-legacy-guard/fixtures-20260421a/fixture_batch_a.create.json",high,Medium
active date scheduling,"Before-start rejection and in-window acceptance are now live-proven for `PIVOTA_AUDIT_20260421B_UPCOMING`; expired negative behavior was already proven","GraphQL startsAt/endsAt; Storefront code applicability; promotions end_at nullable",implemented,"db/migrations/062_shopify_discount_open_ended_promotions.sql:1-12; services/promotions_service.py:101-113; services/promotions_service.py:201-210; services/shopify_discount_fixture_service.py:319-324; /Users/pengchydan/dev/reports/shopify-discount-validation/20260421-live-legacy-guard/fixtures-20260421a/upcoming_b_prestart.response.json; /Users/pengchydan/dev/reports/shopify-discount-validation/20260421-live-legacy-guard/fixtures-20260421a/upcoming_b_active.response.json",high,Low
discount combinations stacking,"For the current merchant, both negative and positive stacking paths are now live-proven: non-combinable rejection, BXGY+order-code success, and automatic-vs-code conflict","GraphQL combinesWith; Storefront applicability; Pivota canStackWithShopify; Pivota rejected-code promo gate",implemented,"services/quote_service.py:437-449; services/quote_service.py:641-658; tests/test_quote_service_promotions_auto_sync.py:245-348; /Users/pengchydan/dev/reports/shopify-discount-validation/20260421-live-legacy-guard/bxgy_plus_combo_b.response.json; /Users/pengchydan/dev/reports/shopify-discount-validation/20260421-live-legacy-guard/krave_auto_plus_amount10.response.json; /Users/pengchydan/dev/reports/shopify-discount-validation/20260421-live-legacy-guard/promotions_inventory.json",high,Medium
invalid-code rejection behavior,"Storefront code applicability is surfaced, no fake discount amount is emitted, and rejected Shopify codes do not trigger Pivota manual fallback","Storefront Cart.discountCodes applicable flag; Pivota rejected-code promo gate",implemented,"services/shopify_storefront_pricing_service.py:355-377; services/quote_service.py:437-449; services/quote_service.py:641-658; tests/test_shopify_storefront_discount_evidence.py:100-126; tests/test_quote_service_promotions_auto_sync.py:245-348; artifacts/shopify-discount-validation/live-rejected-code-promo-skip-20260415T080245Z/quote-matrix/summary.json",high,Low
conflict handling with other discounts,"Current merchant conflict behavior is live-proven for rejected extra codes, automatic-vs-code rejection, and BXGY+order-code coexistence","Storefront code applicability; GraphQL combinesWith metadata; Pivota rejected-code promo gate",implemented,"services/quote_service.py:437-449; services/quote_service.py:641-658; services/shopify_promotions_sync.py:326-358; /Users/pengchydan/dev/reports/shopify-discount-validation/20260421-live-legacy-guard/bxgy_plus_combo_b.response.json; /Users/pengchydan/dev/reports/shopify-discount-validation/20260421-live-legacy-guard/krave_auto_plus_amount10.response.json",high,Medium
conflict handling with payment offers or PSP-linked offers,"Payment confirmation verifies PSP status and, for Stripe, amount/currency before paid transition; three approved live discounted Stripe orders completed; fail-closed mode still must be used for pilots and status-only PSP adapters remain blocked","Pivota PSP payment amount plus Shopify order reconciliation",implemented,"routes/order_routes.py:304-407; adapters/psp_adapter.py:288-361; tests/test_order_payment_verification.py:45-190; artifacts/shopify-discount-validation/live-test-order-refund-status-after-ledger-repair-20260415T135016Z/summary.json",high,High
displayed offer vs checkout-applied offer consistency,"Quote evidence is strong, rejected local fallback is fixed, order create preserves discounted totals, unpaid confirmations are blocked, and three approved live discounted Stripe orders completed; broader merchant/PSP consistency remains pilot-gated","Quote snapshot pricing + discount evidence; Shopify order reconciliation helpers; PSP status/amount/currency guard",partial,"routes/order_routes.py:1594-1624; routes/order_routes.py:2873-2940; routes/order_routes.py:304-407; tests/test_shopify_order_discount_reconciliation.py:27-118; tests/test_order_payment_verification.py:45-190; artifacts/shopify-discount-validation/live-test-order-refund-status-after-ledger-repair-20260415T135016Z/summary.json; artifacts/shopify-discount-validation/live-post-read-discounts-scope-readonly-20260415T140417Z/quote-matrix/summary.csv",high,High
